,0
0,난 지금 한국남녀가 왜 싸우는지 알겠음 
1,스압주의)어릴때 고딩때 현재 61키로 
2,남자도 여자한테 말 실수하고...(1) 
3, 여성분들 매달 꾸밈비 얼마나...(3) 
4,야 이 단어 갑자기생각안나는...(6) 
5,휴가끝났다.....(1) 
6,문쟁니 솔직히 최순실 보다 일 못해 
7,너무 외롭고 힘든데 실제친구하실분있나요? 
8, 제가 문제인가요....(1) 
9,재력 대물림되는거 너무부럽다 
10, 남들이 돈 얼마나벌고 얼마나 쓰는지... 
11,막말이 심한 엄마와 매일 싸...(3) 
12, 누굴 좋아해본게 처음인데 
13,지방대 로스쿨 가기 힘든가요?? 
14,요즘은 프리허그 하는 사람 없겠지(1) 
15, 이 관계를 이어나가야 하나 
16,대충 1020 망했다는 얘기 .. 
17,쌍수 할까 말까ㅠ 
18,사촌동생들이 애들인데 ㅜㅜ(1) 
19,나같은호9는없다..또있는사람?(1) 
20, 일상 보고서 애인 유무 알 수 있어? 
21,술마시고 나서 
22,남친엄마랑 밥먹다 울었음 ㅠㅠ(3) 
23, 알바 나가는 당일에 취소되는거(2) 
24,"간호학과,간호사잡음 ㅈㄴ많은데(2) "
25, 오 실시간 랭킹에 이낙연글 
26,전신거울 이 숫자는 뭐야?(1) 
27,띠동갑 연애 어떻게 생각해 ?(6) 
28,노총각  면하려면  아반떼면  충분하다 
29,연상녀 왜사귐? 
30,노총각 면하려면 무조건 벤츠...(6) 
31, 누나의 가짜기억 때문에 짜증나요 
32, 어릴적부터 나를 힘들게 했던...(2) 
33, 국민들에게 충격이었던 재난재...(328) 
34,너무외롭고힘든데 실제친구하실...(1) 
35,내 코 백만불짜리코 ㅇㅈ ?(18) 
36, 친했다가 멀어진 친구들이 단...(1) 
37,손절해야 되는 친구(4) 
38,[ㅋㅋㅋㅋㅋ] 할때 좋은척하기 이제 ㅈㄴ 귀찮음(2) 
39,우리가 욕 해야할 민족은 인...(2) 
40,미드는 울궈먹기 안하나 
41, 안녕하세요 고1입니다 ㅠㅠ(3) 
42, 근데 동남아애들 왤캐 한국인...(3) 
43,너무 외롭고 힘든데 실제친구하실분있나요? 
44, 도수치료 받는데 설레는데 
45,이제 스무살인데 루이까또즈 ...(2) 
46,하 알바 2시간도 안돼서 짤렸다(11) 
47, 3등급 간호학과 ㅆㄱㄴ??(3) 
48," 20살 대학생, 살아갈 자신...(2) "
49,연애하는데 궁극적인 이유는 ...(3) 
50,제발 도와주세요 ㅜㅜ(1) 
51, 알바갈때 명품백 
52,친구와 의절
53,흔히말하는 지잡대'나오면 어...(1)
54,아이폰 셀카 어플
55, 20대 첫남자로 어떤분이 좋을까요(7)
56, 아이폰 플로 결제해지 어케하냐..
57, 내가 열심히 살아가야 하는 이유
58,  반곱슬 진짜 괴롭고 스트레스...(80)
59, 치대다니시는분 !
60, 인생에서 가장 잘한 선택 썰 풀자
61,전남친 어떻게 잊어?(2)
62, 20살 자퇴했습니다!(2)
63,너무 외롭고 힘든데 실제친구하실분있나요?
64,사랑이 아닌 것.(1)
65, 이런 애 특징이 뭐야?(2)
66,요즘 상영영화 재미있게 본 거 있어?
67,출산과 페미니즘
68,안녕하세요 27살 남자 고민있어요(2)
69,19) 남자분들 취향(2)
70,좋은 여자 특징에 대해서 알려준다
71, 얘들아 여자로 살기 진짜 힘들지 않냐?
72,친구에서 연인으로 가는 경우도 있죠?
73, 골반 큰거야??(6)
74, 꼭 한번만 봐주세요ㅠㅠ..
75, 알바몬에서 일자리찾다가 소름
76,우리 서로 퍼스널톤궁예 해주자
77, 알바 중 손님에게 욕설과 인격모독을...
78, 술집에서 이남자 어때보임(2)
79,너무 외롭고 고독한데 실제친구하실분...
80,솔직히 남자 잘생긴거는 대다...(1)
81,부모님과 입장차이 생기면 어떻게 풀어요?
82,  애들아 이게 고등학생이 입으...(22)
83,쌍수 왜하는거야?
84,ㅈ소기업은 호봉도 안오름?(2)
85,너무 외롭고힘든데 아무나친구하실분있나요?
86,제가 속물인건가요?(7)
87, 요새 너무 허무해요(2)
88, 디자인과 있어??(1)
89, 자취하는데 소름돋는 일있었어(12)
90,알바 짤렸어요(6)
91,그리운 싸이월드...(1)
92,-10라식가능??(3)
93,"이제 곧 가을이야,?(2)"
94,카페 진상 갑은
95, [다이어트] 165cm 69.1kg 나 ...(63)
96,(연애상담)여성분들 한 번만...(1)
97,저 닮았단 연예인(1)
98,노트 20 힘들게 찾았는데 이거 어떠냐
99, 여적여로 보는 한국여자들의 특징(12)
100, 알바하는데 남자친구 물어보면(1)
101,[ㅇㄱㄹㅇ] 도서관 진상 줌마(1)
102, 빚 6500만원 20대 후반...(4)
103,남자가 잘생겼다는 남자=여자가 보면...
104,수능 끝나고
105,너무 외롭고 힘든데 실제친구하실분있나요?
106,동물농장 진짜 미친거아님?????????
107,서비스업에서 여자들이 더 여...(6)
108,대학생 개강 언제하나요
109,너무 외롭고 힘든데 실제친구...(1)
110,술 안먹는 친구(2)
111,남친가족과 친하게 지내는거 좋을까?
112,눈이 길지않은 무쌍이하는 핑...(1)
113, 20대 중반 남자한테ㅠㅠ
114,10대 판 난린데 우리도 해보자
115,고딩동생 집안일 아무것도 못하는거 ...
116,너무 외롭고 힘든데 실제친구하실분있나요?
117,20대 남성 차량 추천 좀요...(6)
118, 친구고민 쫌 들어줘
119,베라 아빠는 딸바봉 뭔맛이야
120,교수님이 잘해주시는데(1)
121,질유산균
122, 대학을 꼭 가야할까요?(23)
123,여자 회사원 분들께 진짜 궁...(2)
124, 일반고 인서울 1등급만 ㄱㄴ?(9)
125, 상식이 모자라서 걱정..
126,30살 승화야
127,"대학 공부, 고딩 공부. 뭐...(7)"
128,30살 승화야(1)
129, 인서울대학
130,대학생 친구 선물 가격 이정...(1)
131,너무 외롭고 힘든데 실제친구하실분있나요?
132, 안면비대칭인사람 들어와 해결...(118)
133,근데 yg있잖아
134,너무 외롭고 힘든데 실제친구하실분있나요?
135,  남친 진도에 못맞추겠어요(17)
136, 20살 미래(5)
137,야 대면 강의 하면 어떻게 ...(4)
138,너무 외롭고 힘든데 실제친구하실분있나요?
139,친구 전남친
140, 술집에서 이남자 어때보임(4)
141, 남사친들이 자꾸 날 좋아해(46)
142,너무 외롭고 힘든데 실제친구하실분있나요?
143,여자 향수 추천해줘!
144,30대 남자들이 갑이되는 이유.JPG
145, 술집에서 만난 남자가 이렇게 성희롱...
146,20대판 특징 ㅇㅇ(2)
147, 옛날에 술집에서 만난 남자 ...(7)
148,연상아니면 안끌리는 이유
149,치아교정하시는분들
150, 힘들었던 과거가 자꾸 생각나요
151,백화점에서 일하시는분들 답변 좀 부...
152,지금 내 마음 되게 외롭다
153,너무 외롭고 힘든데 실제친구...(1)
154,너무 외롭고힘든데 아무나친구하실분있나요?
155,팝콘튀비 헌팅비제이 행테
156,여자들은 좋겠다
157, 가방브랜드추천좀 ㅠㅠ(1)
158,수능끝나고 살 확 빼본 판녀 있음??
159, 유령수술 살인마 처벌 (꼭꼭 봐주세요)
160, 01 인데 모솔이면 비정상임?(29)
161, 아페씨 에코백 살까요 말까요
162,국민은행 이거 왜이러죠
163,국가장학금 학자금대출
164,엄마랑 연 끊고 싶어
165, 20살 모솔 여기 있니
166, 반수관련 동기부여되는 유튜브 추천좀...
167, 대학생 지갑(2)
168, 못생긴 남자들이 성격 더러움(89)
169,누나들 질문이요 한남에서 벗어난 개...
170,그냥 내가 살아온 이야기.
171, (다들 드루와) 나 고민 생...(4)
172,158에 54키로인데(4)
173, 예전에 SNS에서 유명했던?...(1)
174, 이 귀찌 디자인 어떤가요???(6)
175,너무 외롭고 힘든데 실제친구하실분있...
176, 잘생겼는데 매력 없는 남자는...(2)
177,밥약 예의
178,너무 외롭고힘든데아무나친구하실분있나...
179, 여자의 가슴은 중력이다.(24)
180,전 멧돼지 쿵쾅이들이 싫어요(6)
181,성형한 사람들의 이중성(4)
182,둘 중 누가 더 잘생겼음?(7)
183,저처럼 족보 완전히 꼬인 케이스 있나요?
184,외롭고힘들다고 똑같은 글 쓰...(1)
185, 다이어트 문제점이 뭘까요 ...(3)
186,아는 오빠한테 오빠라고 부른...(2)
187, 밀당은 꼭 필요한 걸까요?
188,너무 외롭고 힘든데 실제친구하실분있나요?
189, 일일운전자보험(1)
190,한국여자는 쉽다
191, 로또 2등 당첨됐다. 7천 받음(22)
192,편의점알바 잘아시는분!(3)
193, !!!얘들아 이 유튜브 들어...(2)
194,동성애자 친구들도(1)
195,팔에 레터링 했는데(1)
196," 조언좀요,,,,"
197,절대로 혼자있거나 혼자 고립...(7)
198,대학교 4학년 24살 반수..고민(14)
199,아무나실ㅈ친구사리분있나여(1)
200,너무 외롭고 힘든데 실제친구...(1)
201,클럽 안가는거 손해야..?(7)
202, 20살인데 돈만 보면 토할 ...(9)
203,아토피있는 남자 별로지?(2)
204,너무 외롭고 힘든데 실제친구...(1)
205, 나만 습기때매 여름에 잠 안옴?(4)
206,너무 외롭고 힘든데 실제친구하실분있나요?
207,  163/66 인데(23)
208, 20대 때 하는 연애는(26)
209,호텔관광학과 직업들 어떻게 생각해..?
210, 자기도 더치페이 하겠다던년이...(1)
211,"백수, 취준생들아 너넨 뭐하...(10)"
212, 경희대 국제캠 어때요?(1)
213, 동생이 이 옷 사겠다는데 추...(15)
214,짝사랑 할때 슬픈때
215,자기 자신을 사랑하기ㅊ
216,현역 페미가 말하는 페미니스트 현실...
217,나는 못난 한남충이라 여자들...(1)
218,난 20살이야
219, 진짜 심각하게 고민있는데 들...(7)
220, 6~8시만 되면 사라지는 남친(5)
221, 강아지를 때린 할머니
222,토할 것 같아
223,너무 외롭고 힘든데 실제친구하실분있나요?
224,너넨 비교될 때 어떻게 함?
225," 외국어,통역쪽이나 미국의사 희망하는..."
226,자취 택배
227,망해가는 1인공방을 살려줄 한 줄기의 빛
228, 학원 알바 지원해서 하고 있...(2)
229, 남자들이 생각하는 가슴사이즈(47)
230,농어촌으로 대학가면 어떤가요?(27)
231,썸남 단답 어떡하냐(1)
232, 오늘자 남자친구한테 감동받은 일화(1)
233, 5등급(1)
234, 키작녀 롱스커트(22)
235,카톡정지당하면 상대방 프로필 친구목...
236,E샵 레이어드 가격(1)
237,벤 콘서트 가면 진지하게 노래만 부...
238,영화 에로틱타잔 아는 사람?
239, 남친한테 담배피는거 들켰어 ..(41)
240, 남자들 10명을 만나면서 겪...(13)
241,담배 ㅊㅊ해주라(2)
242, 며칠 전 엄마와 있던 일입니...(1)
243,알바 하나 하고 왔어요
244,너무 외로고힘든데 실제친구하...(1)
245,나무 외롲고힘들어오 실제친구하실분제발
246,너무 외롭고 힘든데 실제 친구하실분
247, 18살 24살 연애 어떻게 생각해(11)
248,야 로트와일러 전기톱 사건 ...(3)
249, 생일 꽃골라주세용(1)
250, 찌질해보여?(1)
251, 이거 내 잘못만 있어?(3)
252, 남자지갑 골라주세용!(1)
253,서구남성들이 결혼을 기피하기...(1)
254, 안녕 얘드라 그냥 다른사람 ...(2)
255, 선 씨게넘은 젠더교육(3)
256, 남친 생일선물 골라주세여!(3)
257, 피어싱샵 하거나 피어싱 잘알들 ㅠㅠ...
258,스무살인데 저격글 올리는거 ...(11)
259,너무 외롭고 힘든데 실제친구...(1)
260, 나만 애 안낳고싶냐??(24)
261,너무 외롭고 힘든데 실제친구하실분있나요?
262,포스텍이 서울대랑 맞먹는대학이야?(7)
263, 술집에서 이남자 왜그런거임????(1)
264, 안친한 남사친이 과외 가르쳐...(12)
265, 사람 고쳐쓸수 있음? 내 피...(2)
266, 21살인데 친구없어서술한번도...(6)
267, 10월까지만 하고 퇴사해야겠다
268, 이거 성추행인가요(1)
269,너무 외롭고 힘든데 실제친구하실분있나요?
270, 사람 얼굴 볼 때 콧구멍만 보여ㅠㅠ
271,나 조금은 이쁜듯(3)
272,출산율을 올리고 싶으면(2)
273,[추반] 판딸들 이가방 어떰?...
274, 이런타투는 얼마정도해??(2)
275, 남자들아 여자 뻑가게 하는 ...(7)
276,  나 진짜 예쁜데  익명이니까...(42)
277, [19] 나처럼 몸매가 총체적 난국인...(30)
278,롤 하는 분 ㅎ(1)
279,너무 외롭고힘든데 아무나친구하실분있...
280, 혼자 새벽에 술집 갔을때(1)
281,자기 자신을 사랑하기ㅇ
282, 나름 열심히 살아왔다 생각하는데 항...
283," 마스크로 입,코를 가리면 왜...(13)"
284," 데이트 폭력, 음란 동영상 ...(1)"
285,  청순한가요 ?(42)
286,아 오늘 저녁부터 마음 강하게 먹고...
287,사람을 찾습니다.(15)
288,내 인생에서 가장 슬픈 선택
289,화장진한게 어울리지 않은 사...(15)
290,BJ 은유화님에게...
291, 이별통보 할 때 연락 기다려달라고 하는거
292,  결혼을 앞둔 29살 남자인데...(47)
293, 난 늘 2순위였다.(1)
294, 자기가 성숙해졌다는걸 느낄 ...(43)
295, 너네 남친이 카톡 5시간넘게...(2)
296, 금연이 너무 간절한 24살 ...(34)
297,사람 한명 살린답시고 제발 들어와주...
298, 남친 헌포(1)
299, 남자들아 너네 투표해봐(9)
300, 다들 성인 전 친구 몇명 남...(1)
301,병원마감시간 몇분전에 가야한...(3)
302,[조언과댓글] 회사의 정떨어지는 말 때문에 아무것...
303, 술집에서 이남자 왜그런거임(3)
304,나와의 연애를 주변에 밝히지...(6)
305," 오늘 원룸 이사 가는데요, 후라이팬..."
306,나 패션고잔데 오랜만에 한국 들어가...
307,같은과 오빠 설렜던거
308,맞춤법이 참...(1)
309,커플들 여행
310,너무 힘듭니다....ㅜㅜㅜㅜㅜㅜ
311,여기는 취준생 별로없나보네(3)
312, 자주보던거같아서 혹시라도 한번보면 읽어줘
313,남치니가 이벤트 참가하자는데 어떡해?
314, 아르바이트 거리 35분 쯤인...(2)
315, 결혼 꼭 해야되나(45)
316, 너무 심심하고 외롭다
317, 형제랑 일부러 친하게 안지내...(1)
318, 요즘 할만한겜 추천점...
319,로마에서 콜로세움을 세울때 ...(1)
320, 진짜 동물 키울 준비가 안된 인간들...
321,급식일땐 몰랐는데 이노래가 이렇게 ...
322, 23살 남자 결혼합니다.(4)
323,전국범죄도시 순위(3)
324, 충격)산림청 공식트위터가 팔...(4)
325,심심하당
326,혹시 학과 보고 학교 낮춰서...(3)
327, 다방에서 허위 매물이라 하면...(2)
328,교통사고당하니까톡씹고 인스타...(1)
329, 브랜디 앱에서 옷 처음 사는데 옷 사이즈
330, 독서실 알바(2)
331,언제까지 남자에게 휘둘릴껀가요!!?
332,세후 300을 받으려면 얼마...(1)
333, 여자친구가 너무못생겼어요(21)
334, 슬랙스 허리 수선해본사람?(1)
335, 남편핸드폰을 봤는데 오피스와이프 같아요
336,  전 앞으로 어떻게 해야되나요...(87)
337,바 알바 해본 사람(1)
338, 폴스부띠끄 가방 ㄱㅊ?(1)
339,너무 외롭고 힘든데 실제친구...(1)
340,주택청약(3)
341, 제발 필터좀 알려조 살려조 제발(1)
342, 친구 없어서 결혼식 하기 무서움(5)
343,예체능인데 남자 여자 인생이...(24)
344,[꼭봐주세요] 아동 불법 성착취 손정우 판결난거(1)
345,저 이제 17살 인데 공부자...(10)
346,  지병이 있는 여자입니다.(19)
347, 안친한 남사친이 공부 가르쳐...(4)
348,대학생들 공감(1)
349, 여기서 계속 일하는게 맞는걸까요?(57)
350, 아만다 실제로 만나면 위험(2)
351, 남자라서 이득본거 있음?(118)
352, 남친술먹고블랙아웃
353, 자기가 친해지기 힘든 사람 ...(37)
354, 미대는 발표수업 있나염(1)
355,너무 외롭고 힘든데 실제친구하실분있나요?
356, 인생진짜 노답이다 ...ㅋㅋ
357,웹툰 조아하는애들 있니
358,  인생조진 재수생 어떡해야해(53)
359, 재수생 방향좀 잡아줘(1)
360,자기 자신을 사랑하기ㄱ
361, 20살인데 옷 처음 사보는데...(3)
362,대학때 여친사귄 방법
363, 판에 왜케 전문직 많음? ㅋㅋㅋ(67)
364,ㄴ무 외롭고힘든데 안무ㅏ친구...(2)
365, 코수술부자용이야기했더니소송을건병원 ...
366,너무 괴롭고힘든데 아무나친구하실분잇나여
367, 컴퓨터 안경 쓰시는분
368, 룸메이트가 이런 말을 했는데 기분 ...
369,긴머리 자극하게 긴머리 자극...(3)
370,살면서 믿고 거르면 좋은 부...(5)
371, 교대vs의대 작작해라(21)
372,단국대 죽전이랑 한성대중에 ...(3)
373,방탄 뷔 sweet night
374, 이런친구 믿고 거른다 하는거...(3)
375, 요즘 이 광고 귀여움ㅋㅋㅋㅋㅋㅋ
376, 너네 남자 취향이 어떻게돼?(82)
377,미통당 국회의원 집값이 20억!
378, 제발 조언 좀 해줘(1)
379,너무 외롭고힘든데 아무나친구하실분있나요
380,이정도면 부모님 연봉 얼마 ...(6)
381,주변에 기분 안 좋은거 티내는 애들...
382,흑역사 생각만해도 ㅈ팔린다
383,[로션로션] 20여자인데 로션 추천해주세요(1)
384,21살인데 대입준비하는 사람 있냐(3)
385,연락할까 말까?(1)
386,너무 외롭고 힘든데 실제친구...(1)
387, 친구들이랑 호캉스여행갔다가 정 다 털림
388,쉐어하우스 들어가려는데 뭐뭐...(1)
389, 학사경고 받았는데
390, 자신을 성추행한 가족이랑 같...(11)
391,한녀가 뭔 뜻임??(7)
392,힐링노래추천좀 해줭
393,  제가 예민한걸까요?(159)
394,나 타로 7군데 봤는데(1)
395, 파마가 금방 풀림
396, 파마가 금방 풀림
397, 새로운 친구가 커밍아웃함(1)
398,지구종말론에 대하여
399, 범죄자는 아니겠죠???
400,대학생분들 한달 용돈 얼마인가요?(8)
401,당돌한 여자
402, 졸업학점 28인데(1)
403,저 재수할때 있었던일인데 들어봐주세요.
404,이제 스무살인데.. 일반대학...(26)
405,  스무살인데 친구 다 끊는거(50)
406, 혹시 블로그(2)
407, 자존감
408, 뒷담까놓고 인스타에선 친한척하는거
409, 재수강 극혐인점
410,나 원래 학벌 신경안쓰고살았는데(1)
411, 흰색스타킹  별로지 않나 ??(2)
412,나만 스트레스 좀만 받으면 ...(3)
413,되게 웃음코드?잘 잡아내는애...(16)
414,대학에서 패스논패스 잘아는사...(1)
415, 살면서 사고쳐본 사람 있나(11)
416, 길거리 캐스팅 당함(3)
417, 알바 그만두려고 하는데
418, 99년생인사람(6)
419,염색 망한거 어떡할까
420,[습관] 게으른 사람들을 위한 습관 만들기!
421,20대 친구들아 40대 아저...(1)
422,[뭐먹고살지] 너무 우울하다(1)
423," 뮤뱅 1위 오류, 트로피 반납"
424,산부인과 질문ㅜㅜㅜ제발(1)
425,유튜브 지니&보리 학폭가해자 맞아요?
426,동생이 왜 나한테 ㅈㄹ하는걸까(2)
427,가끔 댓글만 눈팅할때 느끼는게(3)
428,사랑이ㅇ 아닌 것(1)
429,얼굴에 각  없고 동글동글 하게 생...
430,  공무원들 개싸가지 없지 않냐?(171)
431,친구가 리얼돌을 샀었다네요
432, 학교 다니면서 가장 쪽팔린 ...(5)
433,얘들아 너네들 남친 어디서사겨?(10)
434,"아이돌댄서의 섹시미,,, 투피엠 우..."
435, 엄마랑 싸웠는데 내가 잘못된거야?(1)
436, 전문대나와서 전혀 다른일을 ...(2)
437,알바 많이 해보신분들!!(3)
438, 일반대로 편입 어떤것같아?(2)
439,눈썹문신 해본사람(3)
440," 중고딩친구들이라,, 끊어내지 못하는게"
441, 공주처럼 생긴 건(5)
442, 남친 인스타 댓글 답글(9)
443, 옾챗 제발 조언 부탁해(8)
444,이번달 과자만 12만원어치 먹었넼ㅋㅋ
445,식품사업장을 망하게하는 방법.
446,여성 성범죄 무고율은 0.7...(2)
447, 어디 대학을가면 놀지는않았네...(16)
448,재수중인 스무살인데 8월에 ...(2)
449, 요즘 나이많은 아저씨들 너무...(2)
450,남자들 직장 고충임(3)
451, 편의점알바포스기시재점검 잘 ...(3)
452,쇼미더머니9에서 지원자들이 보여주면...
453, 도대체 어떤게 맞는거임?알려...(1)
454,인스타로 모델 제의(5)
455,필름카메라 사려도 하는데
456, 나 똥 진짜 많이 쌈
457,20대판이 10대판보다 어그...(1)
458, 외박 뚫는 방법좀 알려주세요(3)
459, 동성 친구가 거의 없어 걱정이에요
460, 편의점 시재점검(1)
461,근데 20대 초반에 의외로 ...(2)
462, (남자들만)너희 30대 여자...(4)
463,엄마가....(2)
464, 선거때 투표하고 후회하지 않도록..
465,남자 간호사 창피한 직업임?(4)
466,네일아트 받을때 폰만지는거 어때?(2)
467, 몇개월만에 연락왔는데 뒷담만...(2)
468,제발 망상 그쳐
469,학력 위조하는 친구(3)
470, 쇼핑몰을 하는데 옷을 먹튀당했어요(6)
471,이마필러 있잖아ㅏ(1)
472,[도와주세요] 부탁드립니다 금연아파트 베란...(1)
473,남녀 느낀점
474,여긴 사람 몇명있냐
475, 경찰대 입시
476," 취업, 자존감 그리고 친구들(56)"
477,  (조언부탁) 대학생 동생이 ...(30)
478,  편의점 김밥 이래도 되는 거임?(40)
479, 가족으로부터 받은 상처는(20)
480,9급 공무원 준비하면서 외국...(10)
481, 이 시국에 물놀이 가는 거 ...(1)
482,주제파악못하는 못생긴남자들극혐(6)
483, 대학 성적 잘 아는 애들 들...(5)
484,페북 연락오는 사람 정체?(1)
485, isfp 친구들아 너희 전공뭐야?(4)
486, 나한테 열등감 가지는 친구랑...(40)
487,짝사랑(1)
488, 스무살 처음 돼서 돈 모았어...(2)
489, 사회초년생 너무 스트레스받아요(1)
490,공부 못해도 먹고살수 있나요?(32)
491,소개팅남땜에 심쿵했던 썰(7)
492,릴리바이레드
493,주변에 페미인데 결혼생각하는...(6)
494,6년동안 다녔던 회사를 억울...(1)
495,친구 수강신청 도와주는거 귀...(1)
496,  남자선배들이 나빼고 여자새내...(718)
497, 언니가 너무 짜증나요(1)
498,친할때 같이 욕한애한테 내욕...(1)
499,인스타 믿으면 안되는 이유
500,사랑이 아닌 것
501,마스크 잘 안버리는 집 있음?(1)
502, 여기 간호학과 다니는 분 있어요?(6)
503, 부산 술집(1)
504, 20살 얘두라 너네 통장에 ...(13)
505, 아만다 처음 해봤는뎅(2)
506,사회초년생 저금얼마나 해야하...(2)
507, 소개팅남의 잠수 원래 이러나요?(11)
508, 의상학과vs의류디자인학과(1)
509,친구구해여@@@@@@@@@@@@@@...
510, 학점 4.5(7)
511,인하대 문과 나오면..(1)
512,남자들은 연예인보다 bj까지 않나(2)
513,성적 F 받은 사람인데(1)
514,고등학생입니다. 조언 부탁드...(2)
515, 고3때 잠 쏟아지는 시기가 언제부턴가요?
516,다 얻어먹고 입 싹 닫는 친구(2)
517,여자 남자제복입은거 좋아하나?(6)
518,내가 왜 F 학점이냐(8)
519, 앞모습이랑 옆모습이 너무 다름(25)
520,진정한 아싸 일상(10)
521, 인스타 올릴 사진 골라줄사람(1)
522,경기대 내신
523,아싸인 나...사회생활이 무서워요(2)
524,[ㅇㄱㄹㅇ] 성격 고치고 싶어 조언좀(4)
525, 소설 사이트 추천 제주커피
526,원룸 중도해지 문의(3)
527,쇼미더머니9에서 지원자들이 보여주면...
528, 10대인데요 제발 들어와주세요(3)
529, ❤︎ 로맨스영화 추천하고감!...(1)
530,  썸 타다가도 상대가 고백하면...(57)
531,오늘 생일인데(2)
532,기득권 586세대가 좌파정부...(3)
533,근데 나 진심 궁금한거 생김
534,쇼미더머니9에서 지원자들이 보여주면...
535,한국이 여자한테 관대하다고 하는데(2)
536,요즘 남자들은 여자가 완벽하...(1)
537, 떡집에서 떡 지어왔는데
538, 20살인데 팩트폭행 좀 해주세요(10)
539, 외롭다
540, 중앙대는 인서울 중위권인가?(38)
541,"편지를 쓸까하다가, 여기다 쓰고 감..."
542, 과 추천좀요(5)
543, 좌식수틀 추천!!!
544,제발 도와줘ㅠㅠ(1)
545,  아악 자랑하고싶어(17)
546, 자기 mbti랑 학과 말하고 가자(408)
547,나 공항에서 추반좀 제발ㅠㅠ(3)
548,한국여자들은 너무 매력이 없...(15)
549, 나 전라도 지역감정 하나도 ...(5)
550,새내기인데요....
551, 20대가 되고 후회하는 점은...(3)
552, 모르는 사람이 자꾸 꿈까지 나오는 ...
553,립스틱 추천해조
554, 이쁘다는 말 대답(1)
555, 한양대 실내건축 어때요?
556,이거 어디 대학이야?
557, 근데 솔직히 여적여는 좀 맞...(198)
558,여자분들 이런코디 어때요(6)
559,너무 외롭고힘든데 아무나친구하실분있...
560, 지잡대에 가호캥이 진짜 많나요(24)
561, 댓좀.
562,엔젤리너스 카페베네 망한(?)이유(2)
563, 1학년인데 2학기때휴학하면(1)
564,여동생한테 뭐 사주면 엄마한...(1)
565, 와 틱톡 사기임
566,치위생과 잘 생각해보고 오셈(13)
567,오빠들 남자는 여자 진짜 사랑하면(7)
568, 여자 혼자 술집갔는데 남자가 이렇게...
569,자기 자신을 사랑하기
570," 질염,성병 질문받아ㄱㄱ"
571, 나 인스타 뷰티계정 하는 사람인데(3)
572,수술실 cctv 설치해야해ㅜ
573, 엄마가 바람폈어요 조언부탁드려요(1)
574,한국유부남이 호구라는것도 얼척 없는...
575, 폰&태블릿&무선이어폰 살건데...(2)
576,느려진 컴퓨터 속도 응급처지하기
577,토익 스터디 해본사람!(1)
578, 대전보건대학교 사회복지학과(1)
579, 너네 20살 고딩친구 생일선...(1)
580, 페미가 버리지 정신병인이유
581,여고 여대에는 진짜 왕따가 ...(1)
582,20살인데 알바 4잡뜀(20)
583,진짜 궁금한 거 있는데 번호...(8)
584,  취준중 용돈 받으시나요?(59)
585, 여자는  20대때  시집가야...(4)
586,다들 본인의 매력에 한계를 ...(2)
587, 24살 모솔인데 다들 어디서...(93)
588, 이런 남자 어떰???
589, 10대 때 예체능 배운 게 ...(8)
590, 이성친구에게 반응하기
591,요즘 부모책임론 너무 심함(3)
592, 이 시국 뷰티유튜버(31)
593, 갑자기 연락해놓고 5일동안 ...(3)
594, 혹시 똥 같은 생리현상 고민인사람 ...
595, 내꺼 도난 당한 에어팟 번개...(8)
596,고등학교때 나보다 손절 많이...(4)
597,어떻게 할지 모르겠다
598, 콧볼 축소 vs 콧대 높이기(2)
599,근데 판에는 엘리트들만 모여있는듯(28)
600,남초에서 여적여 거리는건
601, 교수 짝사랑하고 있는 22살...(33)
602, 이거 제가 잘못한 건가요?(33)
603, 연습생이면 다 이런가요?(8)
604,남자들 화장안하는 여자 싫어함??(12)
605,나이 때문에 사랑 포기 해 ...(2)
606,여자가 행패부리면 남초 뒤집어지는거 웃김
607, 서현진닮은거면 어떻게 생긴거야?(2)
608, 한양대 에리카 다닌다고 하면...(7)
609,남적여가 제일 심함(1)
610,주택청약통장이 무쓸모인 이유(2)
611,172/57 여자 어때?(8)
612,20살이면 부모님 허락 없이...(1)
613,사랑이 아닌 것
614,사귄지 3년된 게이커플 썰(1)
615, 먹방유튜버 어때?
616, 애들아 비엘 추천점 ㅠㅠ
617,  +추가)++추추가)비율 파ㅋ...(19)
618,사회 나가서 친구 사귈 수 있나요?
619,남적남은 허구고 여적여가 팩트임.(53)
620,고독한 강동원방 비번 아는 사람...
621, 대학교 아싸될까 걱정이야 조...(1)
622,흰색 스타킹 별로인 이유좀
623, 대학 조언 부탁드려요(1)
624, 20살 1년 휴학하고 알바하...(2)
625, 메부리+코끝 수술 하면 대충(2)
626,선배한테 선지키는거(2)
627, 생긴대로 살고 성형하지말라는...(29)
628, 비상경 문과 공무원 해야 할까요(4)
629, 의대공부량 얼마나돼?(2)
630, 마음이 힘든 모든 분들께 올리는 글
631,MBTI 성격유형검사 할때마다 IN...
632, 건대에 대자보가?
633,밖에 오래 있다온 썸녀에게 챙겨줄만...
634, 엄마 갱년기 내가 힘들어(1)
635, 번호 따이고 만나는거 괜찮을까요?(2)
636, 성신여대는 간판과가 뭐야?(3)
637,남혐하는년한테 겪은 어이없는일(1)
638,카드로 분할 결제 잘못됐는데
639,마른비만도 운동으로 살빼면 전후 차...
640,반반결혼 믿는사람 있음???(3)
641,충남대 인천대 개지잡 ㅇㅈ(5)
642,대학 어그로 끄는 애 각나옴
643,너무 외롭고힘든데실제친구하실분있나요...
644, 미용실에서 이런일이있으면 어...(3)
645,알바 면접보고 왔는데 이거 ...(9)
646,[꼭봐주세요] 억울 의료사고날뻔 화나요
647,재수한 판녀들 들어와바(1)
648, 집나간 동생 저희탓인가요?(1)
649, 카페에서 일할때 레시피 외우...(3)
650,  대학 cc를 다들 극구말리는...(100)
651, 잘생기면 여자들이 먼저 적극...(10)
652,몇달전 사진 봤는디
653, 소름돋는 일(1)
654, 요즘 태극기 근황.jpg
655,  언니들 대학가면 남친생기나요(24)
656, 이 여성분들의 공통점..! 궁그미(6)
657,왜 20대판은 사람이 없을까(1)
658, <전문대 수시> 수원과학대학교
659,대학교 가면 남자들이 때리나요?(13)
660,교육열 많은 엄마들 왜 후려쳤나 모르겠음
661,졸업하구(1)
662,집에 있는거 전부 다 버리고 새로 ...
663, 떡집에 쌀 가져가서 떡 뽑으...(3)
664, 알바생 모집글 올릴때 왜
665, 법학과 23살 어때?(2)
666,[꼭봐주세요] 의경님을 찾습니다(1)
667, 정신과 부모님이랑 같이가는거 이상해?
668,내가 건축학과를 선택한 건 진짜 신...
669, 더캠프 앱 위문편지
670,  사무직 파견노동 실태조...
671,자기 자신을 사랑하기
672, 심장 개뚜드려 맞앗ㅇ..(2)
673, 아는여동생 카톡답장이 느린 이유
674,대학생 주말마다 집내려가는거...(1)
675, 보수적인 아빠(1)
676,후회되는 마음에 쓰는글
677, 대학 학과 다르면 거의 마주...(2)
678, 여친의 자존감을 높여줄수 있...(1)
679,대학 두개중골라야한다면(2)
680, 지금까지 여자가 당한 억압들(32)
681,나 집순이인데 심각한거야?(2)
682,전지적 타인 시점.....똥도 안 ...
683,대학생 공무원 시험..(3)
684,[조언부탁해] 남잔데 남자가 좋아진것 같아...(1)
685,타인이보는나래여~ ㅋㅋㅋㅋㅋ(3)
686, 서울 전문대(2년제) vs ...(7)
687, 여자들이 모쏠 탈출하는 법.JPG(32)
688,문체부에서 5만원 지원해주는 거 개꿀
689,여우같이 색기있는 그 글은 삭제안하면서
690, 필테할때 입을건데 레깅스 골라주라(14)
691, 더치페이가 어려운건가요(3)
692, 국민대가 자랑할만한 대학이야?ㅋㅋ(64)
693,(청원동의글)  아버지가 퇴직 한 ...
694,교사들 꿀빤다는것도 옛말인듯(1)
695, 산부인과가면 물어보자나요(1)
696,ㅠㅠㅠㅍ ㅠㅠㅠㅠ
697, 동창들 끼리도 서로 무시해?(2)
698, 패알못 입은거좀 봐주라(2)
699,쫌 웃긴 내 회사 선임 썰
700,뫼비우스 이거 웃기다ㅋㅋㅋ(1)
701,헤어진 전 여친 집에 무단임...(1)
702,처음으로 앞머리를 기르려고 하는데(1)
703,널디 이거 샀는데 짭이야?(1)
704,밥먹을 때 미친듯이 쩝쩝되는...(1)
705,  교대 망했음(71)
706, 번개장터 사기당한거 같당..(3)
707,Sns에 노출사진 올렸었는데(1)
708,특성화고(실업계)에 대해 세...(2)
709, 혹시 똥 같은 생리현상 고민...(1)
710,반일하는 사람들 그닥 친중도...(2)
711,20대 초반에는 돈 안모아도...(4)
712,20대 부동산매입 불가능해진...(4)
713, 새벽만 되면 우울해지는데(2)
714, 룸메 남사친(2)
715, 친구 하나없는 내 자신이 너...(107)
716, 남자는 외모 별로 살면서 딱...(3)
717, 초딩때 날 왕따 시켰던 그 아이
718, +추가 금연 어떻게 해.. ...(131)
719,와 연대 락스녀 고대 일진녀(1)
720,발치교정한건 지 알 수 있어?(9)
721, 남친있는 애들 들어와(15)
722, 라인할여자분
723, 12시간 알바 무급 교육 어...(1)
724,올해 여름 유행은 흰색 스타킹이다
725, 궁금한게 있어(1)
726, 엄마랑 싸운이야기 ㅠㅠ 내가 잘못한...
727,엄마한테 나 죽으면 보험금 얼마 나...
728,사실 애니판도 오덕때문에 망한건 아...
729,  예쁜 동양여자라도 인종차별 ...(61)
730, 대학 가면 발표 과제(2)
731,공중파 드라마는 시청자때문에 노잼된...
732, 너넨 진로 이즈백 무라 불러?(1)
733,다들 짝사랑 어떻게 잊나요..?(2)
734,디지털 성범죄자 70프로가 ...(1)
735, 내가 이상한거야?(1)
736, 친구없는데 유튜버활동하는거 극혐이야?
737,자기 자신을 사랑하기
738, 중딩때 성추행당했어요(2)
739, 지금 보건증
740, 자식이름 생각해 봤어?
741, [19] 조정석 여자버전外 연예인들 ...(8)
742,남자들은
743,담배 다시 살 뻔
744,살면서 마주하는 불편한 진실들
745, 돈 많은 재벌녀도 남자 외모 빼어나...
746, 대학교 점심값 고민
747,베토벤 월광 가야금 버전!!
748, 전남친한테 청첩장 옴 ;;(4)
749,좋은 남자 알아 보는 꿀팁 ...(2)
750,[19] 라인할사람(2)
751,8월 17일 임시공휴일에 쉬...(1)
752,블핑 제니ㅠㅠ
753, 남자도 외모 중요해?(28)
754,infj 어때?(2)
755, 말하는게 너무 선수라서 미쳐요(2)
756, 타투 역겹지 않냐?(1)
757,난 진짜 결혼 안할란다(6)
758, 남자들 친구없는 여자 안좋아...(39)
759,등드름 흉터 땜에 노스카나겔 썼는데...
760,레터링케이크 대신할 수 있는...(1)
761, 피부고민 ㅠㅠ(7)
762,  조언 감사합니다.(13)
763, 다들 알바해서 어느정도 벌어??(6)
764, 처음으로 사회생활이 너무 힘...(25)
765,언니가 26살때 공무원됐는데(15)
766, 김희철 악플러 고소 근황(1)
767,거의 대부분이 표준어라고 알고 있는 단어
768,내가 정말 힘들때 마다 다짐하는 말.
769,[아이즈원] 아이즈원 일본멤버 오디션시절(1)
770,알바 하나 하려는데
771,뭐가 그렇게 힘든지 말 좀 해보래(8)
772,내가 그렇게 별로인가..(2)
773, 8월 17일 임시 공휴일 의...(4)
774,살면서 느낀점(1)
775,나이들어서그런가 아이돌 관심...(2)
776, 이 세명의 공통점이 머임?(80)
777, 남자들아 와바 ㄱㄱ23살 여잔데(55)
778, 잘생긴남자 인생(2)
779,알에 대해서 생각해
780, 아이돌문화랑 애니 빠는거랑 ...(2)
781,2020년 데이트코스 Best 3(2)
782, 나만 불우한 가정에서 자랐음??(10)
783, 사회복지사로 먹고 살 수 있...(1)
784,남자가 여자헌팅하는거 갖고서
785, 닮았다고 얘기 듣는 연예인 공통점(1)
786,사람들이 편모편부학력직업으로...(1)
787, 솔직히 한국여자들도 일남 좋...(10)
788,궁금한게있는데(3)
789,가족이랑 연끊을때(2)
790,  ㅇ(39)
791,[19] 라인할 판녀
792,흰색 스타킹 추반좀(1)
793,이름 추반 해주면 ㄱㅅㄱㅅ
794,나 아싸야(1)
795,이거 ㅇㅈ
796, 며칠전에 술집에서 만났던 남자가
797, 80kg 도와주세요(4)
798,끼리끼리 만나는 경우보다(2)
799,사랑이 아닌것
800,점잖은척 하는 가식보다
801, 나만 못 죽으니 걍 사는 건...(23)
802,"싸구려 토마토스파게티, 치즈돈까스(1)"
803, 강아지 파양시켜놓고선 아직도 키우는...
804,우울에 관한 기록
805, 모쏠처럼 안보이는 방법(8)
806,여자..ㄱ...ㅅ(2)
807, 프락셀 레이저 해보신 분 있나요
808, [대형속보] 미국이 중국 완전 버림...
809,한국남자들 진짜 관리좀하자.(9)
810, 다들 알바 몇 분 전에 도착해?(34)
811,다들 부모님 용돈 얼마씩 드...(1)
812,유학가기 전 안놀면 후회할까? 추반
813,나 짝남한테 찍혔어ㅠ 이거 ...(6)
814,나 야망러는 맞긴한데..(1)
815, 비 오는 날엔 역시..
816,제모기 살까
817,집안사정 안좋으면 그냥 다니던 대학...
818,아이돌댄서가 알려주는 무대에서 섹시...
819, 마음접는법좀 알려줘(6)
820,한국 창작물이 페미 심하다는것도 개소린게
821,페미니즘(1)
822,어느정도 사는 나라면 다 여...(2)
823, 다들 통금 몇시야 제발 조언...(5)
824, 친구가 연봉 물어보는데 알려...(3)
825,자라 라탄백 살까(4)
826,  뿅!(24)
827, 썸남aquaman인가..??(1)
828,연대 언더우드 경쟁률 쎔?(1)
829,"강남역 피부과 피해, 도와주세요(1)"
830,솔직히 나 진짜 답 없는듯ㅋ(2)
831,나 남잔데 아직 아빠 엄마한...(1)
832, 여자친구 사귀려면 어떻게 해...(2)
833,낼 겨제모 하러가는디(1)
834, 애들아 나 생각한게 있는데 ...(1)
835,27살 돈 있어도 없는척 하...(19)
836,가톨릭대 인식 어때?(2)
837, 진지하게 부모님이 여기살면 ...(2)
838,왜이렇게 내가 불효자식 같지
839,  소개팅 장소로 롤링파스타 가...(85)
840, 여성우대정책 진짜 짜증나(22)
841,오늘 술먹는데 ㅈㄴ웃긴일 있...(2)
842,학벌 콤플렉스(1)
843, 이런쪽으로 공감이 안되는걸까요?
844,학폭 가해자가 유치원 선생님...(2)
845, 핸드폰번호 변경을 꼭 해야하나요.
846, [19] 남친하고 진도나가기가 싫어ㅜㅜ(49)
847,살스 랑 흰스 비슷하지 않음?(1)
848, 친구한테 전문직소개해줬는데 ...(24)
849,공무원 할거면 뭐하러 대학가요??(1)
850,문신
851,인스타 비계(1)
852,제나이 27세 어떻게 살아야...(1)
853,남초는 게임 유해한다고 하면 발광하면서
854,[방탈죄송] 뉴스 무단 배포 시 처벌을 받을 수...
855,[틴탑다욧트] ??? 틴탑다이어트 진행중임ㅋㅋㅋ(7)
856, 학점 등수 백분위(1)
857,여자 160 어떤가요(1)
858,21살 친구가 없어요
859,미개한것들이 위선 싫다고 하...(2)
860,여자친구가 방금 셀카보내줬는데
861, 중고구매로 선물 주는 남친 ...(8)
862,자기 자신을 사랑하기
863,한국이 여자에게 관대하다고 ...(1)
864,깡촌 살면 안좋은점 알려준다
865, 한달 5만원(3)
866,왜 성범죄 피해자가 합의금 받는것만...
867, 대학교 친구들 언팔 팔로워 ...(2)
868, 비타치 펴본사람?(1)
869, 요즘 너무 힘들다(1)
870,요즘 대한민국 근황 4컷툰(7)
871,자대병원 있는 인서울 간호학과는(2)
872,이거 멋지지 않음?
873,심리테스트 요거 해본사람?!ㅋㅋㅋ(2)
874,사람을 대놓고 무시하는 면세...(1)
875, 인생 선배님들 조언 ㅂㅌ(2)
876,내가 보려고 쓰는 건강한 다...(1)
877,[결혼이야기] 20대 결혼? 30대 결혼? 언제가...
878, 광주 광산구 교정인들 들어와ㅜㅜ
879,[개깊은빡침] 조성아 화장품에서 곰팡이 발견됐어요...
880,한양대 에리카
881,피방 몇년새 진짜많이바뀜(2)
882,챙겨주고싶은여자라고 느낄려면...(2)
883,BBQ 찐킹소스 이제 발견하...(2)
884, (내용펑)친한언니가 제 직장...(41)
885, 남친의 돈계산 어떻게 생각해(1)
886, 생리를 안해요 ㅠㅠ(1)
887,네이트 알림기능 삭제됫어 ??(2)
888, 남자친구가 소개팅앱을 쓰는것 같아(4)
889, 식영과 전망어떠나요?
890,[방탈죄송] KBS<제보자들>에서  '프로아나'...
891, 20대 후반 언니 생일선물 추천해주세요
892, 이런 여자 양아치임????(4)
893,명예의 전당 2페이지에 있는 살면서...
894,여성스러운 쇼핑몰 추천 좀(1)
895,[단독]부여 투표지가 왜 시...(5)
896,3월초에 마스크 사려고 줄설때
897,근데 마르고 활발한 애들이 ...(3)
898,연상녀와 결혼한게  너무 후...(2)
899, 구남친의 현여친이랑 나 중에...(1)
900,여자들에게 느낀점(3)
901,번호 따였는데 남자가 연락 안옴ㅠ(14)
902,남친 새끼 존.나 웃긴게
903,20대 판 존 나 망했구나
904,초딩사귄것도 사귄걸로 침?(2)
905,난 사주 믿음
906, 수시 전형을 늘려야 하는 이유(12)
907,지혜로운 대처법좀 알려줘
908,어느 대학 어때요?(1)
909,이거 조건만남? 같아??
910, 요새 패션트랜드 이것 아님 ...(4)
911, 이중약속잡는 친구(94)
912,  미국에서 동양인 남자가 제일...(109)
913,대학 친구
914,개강하면 쓸돈이 없는데 진짜...(1)
915, 고깃집 알바 첫날에 사장이 ...(12)
916, 여자분들(2)
917, 손절하고 싶은 사람 있으면 어떻게 ...
918,당장 천만원이 생긴다면(3)
919,다들 우울할 때 기분 전환(2)
920,광안리 해수욕장
921, 우리 무슨대학 어디로 취업했...(1)
922, 짝사랑남한테 쌍욕들었어요(3)
923, 한 달동안 저녁에 다이어트 쉐이크 ...
924,어렸을때는 스무살이(10)
925,  명지대 인식 어때?(92)
926, 이남자들 각자 몇살처럼 보임?
927,대학생인데 주말마다 본가에서 알바 ...
928,챙겨주고싶은여자(2)
929,자기 자신을 사랑하기
930,[조언] 대출은 죄악이 아니...(1)
931, 통금있었던 분들 통금 깬 썰...(2)
932,학벌주의는 매우 합리적인 제도인듯(2)
933, 우리 이기적으로 살지 말자(1)
934,여기 여자들도 열폭오지는애 많음 가...
935,[세상이야기] 호주워홀 ? 이미 망했습니다(3)
936,  성신여대 문과 정도면 취업하...(131)
937, 호주 워홀 기다리기 괜찮을까요(4)
938,나 궁금한거 있음(1)
939,애들아 한번만 답해줘ㅠㅠㅠ(2)
940,영어 원어민 강사 커뮤니티에...(1)
941,만났다.
942,가정폭력은 약자를상대로한범죄임
943,인문계 이정도 아웃풋이면(11)
944, 두피 탄력이 피부 탄력이래;;;;(40)
945,지인이었던 애딸린 이혼녀랑 싸웠다
946,저도세상에서 존재하고싶습니다.
947,어떤놈이 나 사칭하네(1)
948,너무 외롭고 힘듭니다 친구하실분(2)
949,이런밴드 끼고 다니면 어때?(1)
950,"동남아, 중앙아 vs 흑인,...(2)"
951,너무외롭고 힘듭니다 실제친구...(1)
952,너무외롭고힘든데 전화주세요
953,너무외롭고 힘든데 실제 친구하실분
954,내가 남자옷도 관심있어서 코...(4)
955, 연애할때 여자한테 돈쓰면 안됨(4)
956,아만다
957, 고등학생이 교수나 작가한테 ...(1)
958,오덕 남자친구에게 이런면이 ...(2)
959,임신 유산 관련해서 물어볼사람
960,생일축하(1)
961, 인간(사람)관계 힘든사람 모...(56)
962,친구가 거의 하루에 한번씩 전화하는데
963,전기기사 실기 5일남았는데(1)
964, 녹음 나폴리탄 괴담
965,  돌려까는 친구(95)
966,국정원의 범죄행위에 대한 책...(1)
967, 18살 때 내 전부였던 친구
968,혹시 취미발레 하는 사람 있어?
969, 너희들은 만약에 너의 여친남친이 학...
970, 나의 성형 전 모습인 쌍둥이 언니(82)
971,흰색 스타킹 나름 괜찮지 않나?(7)
972,대학생되면 예뻐지나요?!
973, 대학교 졸업식 안가는 사람도...(3)
974,외국인한테 번호따인 후(1)
975, 동성애 유튜브??(24)
976, 조용한 회사에서 전화받기(1)
977,[조언부탁해] 편식 고치게 도와줘
978,커플분들 연인과 폰 비밀번호...(1)
979,10대판은 도저히 못있겠다
980,갑자기 생각난 썰(1)
981,사랑이 아닌 것
982,대학 다니시는 분들 제가 선...(1)
983, 대학생들 요즘 코로나 때문에...(1)
984, [19] 자기가 AAA컵인거 남친이 ...(37)
985,혹시 영상에 관련된 학과 다니시는 ...
986,너무외롭고힘든데실제친구하실분...(1)
987,너무 외롭고힘든데 실제 친구하실분있...
988, 뜬금없는 남자랑 술약속(2)
989,진짜 대학 가면 연애 가능?(1)
990, 교정했거나 하고 있는 사람?(11)
991, 문재인은 운 ㅈㄴ좋지않냐ㅋㅋㅋㅋ
992, 안친한 남사친이 인스타 투표...(2)
993,내가 대학 문제로 자기한테 ...(1)
994, 남에게 말못할 취미..(1)
995,[허허] 자기가 평균이상이라고 생각하...(2)
996,대학교에 명품 가방 들고 다...(1)
997, 제가 예민한가요...?(3)
998,"연애시작 ,, 후회됀다(4)"
999, 내일 시험인데 조졌음;;;;...(1)
1000,여자는 군대 안 가도 된다.(1)
1001,개명할건데 이름 좀 봐주라!
1002, 대통령 친위 쿠데타 가능성!!
1003,안녕하세요 저는 04년생인데(1)
1004,20대 대부분이 모르는사실(8)
1005, 보증금은 내가 월세는 친구가 부담하...
1006,[세상이야기] 성폭행당하면 합의금 받기? ...(8)
1007,남친 구찌 반지갑 골라줭~~(1)
1008,여름은 하나같이 다 ㅈ같은것...(18)
1009,바지살때 (허리사이즈) 앉을때 기준...
1010,쌍수 하려고 하는데(1)
1011,남자선호근육
1012,연애/결혼 상대로 별로인 사...(2)
1013,솔직히 한국인들 동남아 여행...(4)
1014,아무리 못생겨도 성형은 안하...(2)
1015,근데 동남아 싫다는 애들은 ...(2)
1016, 방어기제가 너무심해
1017,자꾸 명품 안사냐는 친구(2)
1018,여혐선동 핵심세력은 이기적인...(1)
1019, 9살차이(4)
1020,카이스트 공대 VS 경희대 ...(4)
1021,성범죄 당해도 신고 안하는 ...(3)
1022, 과잠 색 매년 달라지나요?(3)
1023,친구가 진짜 정떨어지는 행동...(1)
1024,흰색 스타킹 장점 말해줌(3)
1025,잠수 이별
1026, 성인되자마자 독립하는애들 대단함(15)
1027, 연인이명품 살달라고 하면 어떡함?(16)
1028,꿈에서
1029,[19] 야 끼부리지 마라(1)
1030, 비오는날 술집가면(1)
1031, 술집에서 만난 남자 빡친 이...(1)
1032, 홍대 법학과 어때?(3)
1033, 남친이 일본 애니 좋아하면 어떰?(35)
1034, 너희가 연애할때 '을'인 이유
1035,자기 자신을 사랑하기
1036,[19] 19 의견좀(1)
1037, 진짜 한국 남성들 너무 불쌍...(91)
1038,속에서 냄새 너무 심하게 올라오는 애인
1039, 여러분은 학벌 얼만큼 중요하...(4)
1040,이 책 버릴 때가 제일 통쾌했다
1041,머지 나 원래
1042, 살면서 기이한 일 겪어본 적 있나요?
1043,솔직히 차별이 아니라 동남아...(10)
1044, 키158 남잔데 죽고싶다(392)
1045,mbti(7)
1046, 솔직히 흑인이 외국인들중에서...(60)
1047,화장빨 잘 받는 얼굴 특징은...(13)
1048, 인스타그램 SNS 속 존잘 ...(40)
1049, +)원래 20대연애는 이런가요?(20)
1050, 나 알바 경력 많나?(1)
1051, 남친 친구를 6년 정도 좋아해왔는데
1052, 22살인데 어디가서 중학생으...(3)
1053,한국이 일본보다 여성차별의 ...(1)
1054,보수에 일베 묻은거 개같음
1055, 너넨 가장 그리운 때가 언제야?(6)
1056,스토리 항상 먼저 보는데 라이크는 ...
1057,한국여자가 무고 심하다는것도...(1)
1058,여친 살뺐으면 좋겠다(3)
1059,충치 14개래(1)
1060, 헌팅포차에서 모르는 사람 전...(1)
1061,  코성형 한 사람 들어와바 ㅠㅠ(48)
1062, 여자들은 감성에 지배당한 생물같음(2)
1063,편의점 인수인계(1)
1064, 의대합격이 보장된다면 몇살까...(11)
1065,미투조롱 하고 물타기하는건 ...(1)
1066,무조건 떨어지는 지원동기 불합격 C...
1067,튼살있는데 남자친구한테 미리...(1)
1068,뚱뚱한 사람 너무 싫다(1)
1069, 술집에서 만난 남자 왜그랬던거임(2)
1070,사귀기전에는 칼답에다가 선톡...(1)
1071,여자 서비스 불친절하다고 까...(2)
1072, 부정선거 '재검표' 드디어 한다!!
1073, 술먹고 무슨짓을했냐면...
1074,편의점에서 카드꼽고 현금으로...(1)
1075, 조영민님 강아지 뽀또(1)
1076, 20대 동갑 남자친구가 애가...(2)
1077,핱시 출연진들(2)
1078,벌써 가을옷 걱정된다(1)
1079,[19] 라인할사람..(1)
1080,집 창피해서 남친을 못 데리...(5)
1081,명품 지갑중 뭐가 젤 이쁘냐..(3)
1082, 틴트 색 골라죠
1083, 유명유튜버 지ㅎ꿍님 아세요?(2)
1084, 얘들아! 여성부 폐지 청원좀 부탁해!
1085, 한달반 5키로 뺐는데
1086,20대에 친구는 어떻게 사귀나요?
1087, 이 남자 나 불쌍해서 같이 ...(3)
1088,여자들이 운동에 대해 가장 많이 오...
1089, 조언 꼭 좀 부탁드려요ㅠㅠ(4)
1090, 진짜 수시가 적폐이긴하다 진...(6)
1091,토익 준비하거나 해보신 분들...(1)
1092,ㅈㄴ만나기싫은 한심한친구 어...(7)
1093,161에 말랐다는 이야기 들...(1)
1094, 고시원 살려고 하는데용(1)
1095,왜 여자들이 드라마 과몰입 ...(2)
1096, Hoxy..보통 소개팅어플에...(9)
1097,여혐하는 남자중에 유흥충도 많은거 같음
1098,만만한 사람이 하면 안되는 행동
1099,네이트판 남자(1)
1100, 저 다리 많이 짧아보이나요....(108)
1101, 근데 대체 키스는(8)
1102,요즘 20대 여자애들 청바지 패션(2)
1103,초코칩 쿠키랑 작은 초콜릿 먹고싶은데
1104,프사(3)
1105,9급 공무원이 좋아??(10)
1106,제발 조언 부탁드립니다. 여...(2)
1107,사랑이 아닌 것
1108,자기가 겪은 무서운 얘기해보자(1)
1109,아 진짜 존1나 살기싫다(3)
1110,운전학원 안다니고 2종 보통...(3)
1111,지갑샀어(1)
1112, 피임약 일주일 먹으면
1113,러시아인들이 코스프레 하면 ...(1)
1114,여혐종자들 사실 한국여자가 ...(2)
1115,앞으로 20kg 감량 목표(3)
1116,한국여자가 구타유발한다고 하...(1)
1117, 뚱뚱해져서 애인한데 정떨어지...(6)
1118, 첫 중고나라거래!!! 무리한...(2)
1119,옷 입을때 어떡하지
1120, 예수의 실체.jpg
1121,20대에 방황하게 되는 이유
1122,청년적금을 들면 1000만원...(3)
1123, 19년간 친구없이 지내오다가...(48)
1124,대구에서 20대 한국여자 베...(1)
1125,필라테스 1회 수업하고 31만원 깍...
1126,  친동생이 코로나 전담병원에서...(22)
1127,미국사람과 한국사람 돈쓰는 차이(1)
1128,동창회 꼭 가야될까?
1129,아재.오빠 기준 정확히 알려준다..
1130, 살 5kg뺐는데 체감상 아직...(24)
1131,방탄 정규 말이야
1132, 여성분들과 남성분들이 선호하...(2)
1133,엄청 좋아했는데 그저 그렇다...(1)
1134, 나 185 남잔인데 무조건 ...(25)
1135, 대학생들 다 들어와바(1)
1136,  +추가/수정))23살 꿈이없...(37)
1137,데이트통장 실제로 많이 하나요(1)
1138, 전남친 카톡 대화명 숫자로 해놨는데...
1139, 김치녀 스시녀 이 워딩 진짜...(16)
1140, 골반좀 봐주라 이 글 있잖아
1141," 재업, 방탈) 어떤 유형의 ...(1)"
1142, 모태솔로 남녀 특징 뭐가 있음?(45)
1143,  좋아하는 일과 돈 많이 버는...(81)
1144,잘생긴사람이 입은 수트는 뭔...(1)
1145,알바 스펙 증명을 위한 문서 뭐임(7)
1146, 대학 가야할까요?(4)
1147, 너무 힘든데 우울증인걸까요....(18)
1148, 나를 때렸던 애가 연예인이라면(1)
1149,2호선에서 마음에 드는분 번호 못따...
1150, 1943 술집같은데 컴플레인
1151,자기 자신을 사랑하기
1152,커뮤 여기 말고 또 어디없냐ㅠ(1)
1153, 매일 쾌변하는 꿀팁 좀 pl...(1)
1154, 남자들히 빤히 쳐다보다가 눈 피하는거
1155,군무새가 군인비하라는거 이해...(2)
1156,남초여혐글보고 여혐생긴다는놈...(1)
1157, 5키로 감량 전후(176)
1158,숏컷 이쁘다
1159,난 부모문제가 만악의 중심이라봄
1160,그냥 요즘 친구관계 너무 힘들다..
1161,알바하면 부모님한테 용돈 안받아?(3)
1162, 고민입니다
1163,난 동갑이 이상형인데 나만이럼?(1)
1164,여혐종자들은 왜 이렇게 쉐도...(2)
1165,요즘 남초에서 뭐만하면 페미...(7)
1166,우리사랑했을까로 친구들이랑 내기함
1167, 10만원으로 한달 살 수 있나?
1168,홍영기 공구 너무 협찬 티 ...(3)
1169,상식이다 VS 상식아니다(4)
1170, 쌍수하고 예쁜 사람들은(59)
1171, 올리비아 핫세 닮은 루치아 ...(10)
1172,직딩분들 소개팅 업체로 좋은...(2)
1173,사는 이유를 모르겠어요(1)
1174,[인스타] 인스타 팔로워 좀 많은? 협...(2)
1175,역시 폴햄 콜라보는 말해뭐해
1176, 설문
1177,27살.. 아이돌 준비 시작...(20)
1178,1분안에 못풀면 IQ 80이하(1)
1179,똑부러지는 남자 특징이뭐냐?
1180,청주 사는 애들 있어?(1)
1181,특성화고에서 집 가까운
1182, 동양인 인종차별하는 타코벨
1183, 얘둘아 나 20살 반수생인데 레슨받...
1184,에타 정지 먹으면 탈퇴하고 재가입하...
1185, 글 안봐도 된다 제목만으로 충분하다...
1186,제일 빡치는 유형(1)
1187,3040베충이들 웃긴점
1188,박원순이 여론몰이로 죽었다는식으로 ...
1189,  어머니께서 하지말라는 짓은 ...(11)
1190,귀여워서 울리고싶다는 남자
1191, 이런 여자들 아니면 여친 후...(46)
1192, 얘들아 만약에(1)
1193, 이거 싼편이니?
1194,cc 하는 애들 특징 뭐가 있음?(10)
1195,  성형외과 상담 기 안죽는법(29)
1196,오해 받은거같아 짜증난다(1)
1197,눈옆에 점있는남자 진짜 매력적이다(1)
1198,라인으로 전화할 여자만..
1199,전화할여자
1200," 중동, 아랍 여자들 중에 이...(150)"
1201, 남자친구와 첫키스가 이래?(8)
1202, 술집에서 만난 남자 행동 어때보임(6)
1203,  사투리 쓰면 안 되는 맛집(42)
1204,너무 아픈 사랑은 사랑이 아니었음을
1205,스타벅스 평생직장 어떻게 생각함(5)
1206,보고싶다(1)
1207,개너무하다 진짜ㅋㅋㅋㅋ
1208,자기 자신을 사랑하기(1)
1209, 남친 생일선물로 플스 어떤가요??(2)
1210,동거한지 7개월(4)
1211, 나 얘한테 관심있는거냐(16)
1212,[조언과댓글] 너무 무기력해져서 고민이에요..
1213,26살(1)
1214,학교 내 성폭력으로 중1 조카가 하...
1215,한의학 믿는사람??(4)
1216,제가 여자 닮았나요?(14)
1217, 니네 강민경 유튜브 인스타 협찬(20)
1218,"제2의 n번방 ,  성매매를 송출하..."
1219,도와주세요ㅠㅠ
1220, 2종보통 t자공식..(2)
1221, 아이폰 고민이야
1222,연애는 하기싫은게 아니라 못하니까 ...
1223,이지훈빌런vs너무외롭고힘든데vs친정...
1224, 편의점 경력 없는데 아르바이...(3)
1225,살아가는게 허무한 기분
1226, (추가)서울대인데 음미대라고...(81)
1227,  골반좀 봐주라(35)
1228,선미 보라빛밤 대기실에서??
1229,빙그레 요플레 토핑 주문후 판매자로...
1230,18학번~20학번만 쌉가능(...(1)
1231, 연청에 회색티 ㅂㄹ?
1232,조보아씨라고 부르는 게 불편(2)
1233, 수수한 얼굴에 어울리는 화장법 아는...
1234,잡코리아에 한콘진 채용 공고 떴네(1)
1235,간호학과 다니시는 선배님들!!(1)
1236,이 옷 사려고하는데 어때용?(3)
1237,아들딸 차별은 일본이 덜한듯(3)
1238,한때 방송금지 댄스 달샤벳 조커
1239,군대 2년 다녀오고 냄져로 ...(4)
1240,완벽한 부모를 강요하는 분위기도 좋...
1241, 누나들 요즘 가방 뭐들어?(1)
1242,여자가 군대를 오면안돼지(2)
1243,남자들아 좀 꾸며라(26)
1244, 이러면 어장임?(5)
1245,  대학교 신입생 단톡방에서 이...(14)
1246, 다들 중고딩때 학칙 어땠는지...(2)
1247, 남자친구가 날 좋아하긴하는데..ㅜㅜ
1248,>>이런식으로 아이폰 수리 사기당하...
1249, 현재 삶이 힘든그대들(1)
1250, LCK 팬인팀 적어보자!!!(1)
1251, 제발 내 고민좀 들어줘 ㅜㅜ(1)
1252, 사범대 괜찮나요?(1)
1253,얘들아 나 진짜 착한 사람인것같아(7)
1254, 고3인데 수행 0점 맞았어
1255,여자 클러치도 별로야?
1256,소개팅어플에 20만원쓴후기(1)
1257, 대학생 방학 때 뭐하조(1)
1258,자기 자신을 사랑하기
1259,[세상이야기] 서울경기권 간호학 졸업한 지인들 근황
1260,수트입은남자 너무 섹시한듯
1261, 너무 억울하고 분합니다..
1262, 임금체불 ... 신고 해야 ...(2)
1263,너희는 동남아 vs 중동 저...(12)
1264,사귄지 얼마 안 된 남자친구...(3)
1265,스무살인데 술
1266, 한 사람 빼고 온 국민이 쫄...(1)
1267,나 왜 화장이 안 어울리지
1268,화장을 할 수록 어색해져
1269, 20살 모솔인데
1270,[패션] 쇼핑몰 추천좀 해주세요ㅜㅜ(1)
1271,님들 이거 패션 정보좀(1)
1272, 솔직하게 수능 다시 준비 가...(13)
1273,님들 분더샵에서 뭐 사봄? ...(2)
1274,이 나라에서 성공할 빠에 외국으로 간다.
1275, 아 소개팅앱에서 뭐라고 해야돼?(1)
1276,나 페북페이지 운영하는데(3)
1277, 스무살인데 친구가 없어(4)
1278,청담 압구정 한남 이런데 가...(3)
1279,공감성 부족으로 정신과 상담...(1)
1280, 술집에서 만난 남자 말투 어때보임(1)
1281,판녀들 진짜ㅋㅋ 에휴
1282, 좁쌀 여드름
1283, 20대초반중반애들 돈벌면 어디어디다써요?
1284,[여성인권] 이 글이 제발 논란이나 성지글이 되...
1285,"올영 깊콘 쓸건데,, 여름용...(1)"
1286,  몸매강박 심한 남친..(35)
1287, 편의점 테이블 공짜로 이용하...(1)
1288, 코로나 마스크...이런 경우...(1)
1289,20대 초중반 여자친구 (여...(5)
1290, 인센티브만으로 명품백 사는 ...(2)
1291,다들 이번 학점 어느정도 나왔어?(1)
1292,잠재적 꽃뱀들아 안녕(2)
1293,나 친구한테 인스타 차단박힘...(2)
1294, 타과 선배한테 dm으로 연락(1)
1295,센치할때 듣는노래
1296,여자들이 클럽 가면 안돼는 이유 글...
1297,남친 이거 마음 식은거겠지..
1298, 여자중에서 쿠팡 알바 해본 사람(1)
1299, 다들 자기 이상형 말해보자(93)
1300, 이렇게 생긴 여자 바라면 욕...(54)
1301,님들 간호 학점나왔는데(3)
1302, 갓 스무살인데 복학생 만나는 거(36)
1303,부모자격없는 인간들때문에 너...(2)
1304," 나하은, 추사랑 진짜 너무 ...(35)"
1305,한국인중에 진짜 혐한하는 사람은 드...
1306," 20대 중반인데, 어떻게 살...(40)"
1307,"mbti유형 INTJ , E...(4)"
1308, 아이폰 이거 호구 잡히는거임?(8)
1309, 위로 (죽고싶다.)(25)
1310,현실 조언 부탁해요(3)
1311,이쁜여자가 페미하면 어떤생각들어?(3)
1312,토익 첫시험 몇점들 나오셨나요?(2)
1313, 너무 화가나 이건 아니지 않아??
1314, 학원쌤이 좋아 ㅜㅜ
1315, 버스? 차? 대절 비용 아는...(2)
1316,남자친구와 싸웠습니다
1317, 이런 친구 손절해야 할까(2)
1318,12시 되자마자 생일 축하해주기 v...
1319,이번 학기 새로운 느낌으로 망한듯
1320,25살인데 연애 포기하려고(8)
1321,다여트언제부터 할까
1322,무조건 떨어지는 지원동기 불합격 C...
1323,만화 아직까지도 하는거 대단함
1324,남초에서 한국의 성형이나 화장에 대...
1325,여자들아 내 여친 심리 좀
1326,지켜주고 싶은 여자(1)
1327,내 외국인 여친 얘기는 왜 ...(1)
1328, 솔직히 연애같은거 너무 사치인듯(8)
1329, 아르바이트 안 구해짐ㅜㅜ
1330,와 박원순 죽은거 불쌍하대....
1331,판 그만 쓸때 됐나보다 ㅋㅋㅋㅋ
1332, 24살 실용음악과 갈수있을까?(2)
1333,교우관계 개나줘야지
1334,헌팅포차 혼성이면 번호 안따러옴?
1335, 음~~나 과대됨(1)
1336, 여름 뮤트톤인 애들 있냐(1)
1337,소울드레서=띵잦 개줌마 모임ㅇㅇ
1338,애기같고 귀엽다는건 뭔뜻임?(1)
1339,송금을 잘못했습니다. 혹시 ...(2)
1340,하.. 짝남하고 나좀 봐줘
1341,외국인 처럼 생긴거 너무 스...(2)
1342,20살 어떻게 살아야 할까요(1)
1343, 우울할때 술 마시면 어떻게 ...(2)
1344,몸프로필 사진 하고싶은데..(1)
1345,올가미 시모/남친엄마 보다 더위험한것
1346,주택청약 어떻게 하면 될까요?(2)
1347,박원순시장님 욕하는 수구꼴통...(1)
1348, [사주] 10년동안 사주에 1억써본 후기(154)
1349, 제가 운동을 처음하는데요 레깅스를
1350, 남자 명품 가방 브랜드좀 알려주세요
1351,아빠랑 나이 차이 많이 나는...(3)
1352, 술집에서 이러는 여자 어떨거같음(2)
1353,여름만 되면 두통+소화불량
1354, 옛날에 혼자 술집 가서
1355,다들 살면서 한번은 꼭 가보...(7)
1356,나 어깨 닿는단발에서 가슴위...(7)
1357,연인
1358,그냥 인간관계 손놨어요 ㅋㅋㅋ(3)
1359,기초제품 중에
1360, 코쉐딩도와줄판녀들(1)
1361, 01년생 80퍼센트 공감(1)
1362,솔직히 넓은이마 정말 너무 ...(1)
1363,인턴은 뭐를 준비해야 될까?(2)
1364, 고1이 질문합니다
1365,진짜 진지하게 우리 집 절다...(2)
1366, 이머리 탈색안하고 염색 가능?(3)
1367,  저의 가정사를 친구에게 말해...(62)
1368,어릴때 죽은 사촌동생 오늘 영혼결혼...
1369,친구랑 싸웠는데 연 끊는게 답일까요
1370, 제가 잘 안됐으면 좋겠대요(2)
1371,여자들 보통 비빔면 2개 안먹어?(2)
1372,걍 연애포기하고 잘 살면되지.(3)
1373, 너네들 의견이 궁금해(1)
1374, 재능충에게 열등감이 느껴진다(2)
1375, 키 160 남자(2)
1376,요즘 일베충들 특징
1377,여혐종자들은 아무짓 안한 여자도 욕하더라
1378, 아니 이게 성차별이 아냐?(1)
1379, 다리 이 정도면 어떰 ? 다...(42)
1380, 친구가 자꾸 문장 끝에이거야...(2)
1381,나 그냥 다 손절했어(2)
1382,요새 인싸템 ㅎㅅ(1)
1383,나 오늘 고시원 들어왔는데(1)
1384,모솔인데 연애 하는팁좀 알려줘(7)
1385, 아 sns 우연히 성괴 계정에들어갔는데
1386, 남친하고 펜션 가는데 수영복 좀(30)
1387,등록금 2배로내고 서울대 꼴...(2)
1388,  선배 결혼식 못가는데 축의금...(62)
1389,역전할머니 안주 포장됨??
1390, 광고기획자 되고싶은 고2인데요!!(1)
1391,시간 참 빠르다
1392, 어떻게 해야될까
1393, 솔직히 진짜 친구 몇명이야?(101)
1394, 진짜 과장님 때문에 힘들어요
1395,비 오는날 헤어롤 하고 다니면 이상...
1396, 알바 붙는 법(5)
1397,엄마 생신선물 추천부탁(1)
1398,출산 희망 여부 설문 조사입니다.(1)
1399, [틴탑다욧트] ??? 틴탑 다이어트 드디어...(26)
1400,너네는 상처준 것들(1)
1401, 독서실 마우스(1)
1402,요샌 말싸움이 그렇게 재밌다
1403,현실에서 어떤 여자가 인기 ...(3)
1404,경리랑 회계 사무원이랑 하는...(1)
1405,왜 항상 일이 잘풀리면 안좋은 일이...
1406,어떡해 룸메가(1)
1407,아니 내 글 왜삭제됨?????
1408,보색샴푸 추천해주라 ㅠㅠㅠ
1409,20살 여자 가방 브랜드 추...(1)
1410,사랑이 아닌 것
1411,취업 후 부모님 용돈
1412, 알바 면접을 다녀왔는데 제가...(4)
1413,[임산부낙태] ** 가해자가 보낸 역겨운 합의 종...
1414, 레스토랑알바생들아ㅜ면접꿀팁좀 ㅠ
1415, 20~24살 짧지만 강한이야기(1)
1416,한남민국 짜증나(1)
1417, 사이트 만들었는데 어떻게 운영하면 ...
1418, 생일 선물 받을 만 한 거 ...(2)
1419, 4년 만나다 별이 됐으면 잊기 어렵겠죠?
1420,다음선거때 민주당 vs 통합...(2)
1421, 이 여자의 마음?
1422,무조건 떨어지는 지원동기 불합격 C...
1423,솔직히 성형 하고싶어하는 사...(13)
1424,20대 분들 중에 파리바게트 제빵기...
1425, 내가잘못한거니 장학금문젠데(1)
1426,난 00년생이 부러움(6)
1427, 공무원시험 점수 부모님(1)
1428,편의점 직원한테 당연스럽게 ...(1)
1429,  25살인데 30살소개받았어 ...(37)
1430, 솔직히 작은코가 좋은거지 코...(65)
1431,정치대학교 어느정돈가요(1)
1432,거지근성 남자가 인성까지 거...(5)
1433, 방탈) 내 성적과 맞는(또는 높은)...
1434, 20살인데 언니들 제발 도와...(4)
1435,  거지근성인 친구 해결방법 좀...(76)
1436,내 동생이 1주일 뒤에 군대...(1)
1437,20대판 존댓말 쓰지말자(1)
1438,사랑이 아닌것
1439,제가 이상한건가요? 여성분들...(5)
1440,스트레스 푸는 방법~~(1)
1441,남친 칭찬하기
1442, 세금 다들 얼마나 내시나요?(1)
1443, 근데 재수하는데 일요일도 공...(19)
1444,보건교사 임용고시 많이어렵나요?(2)
1445,생리할때 이런 사람들 있나 혹시
1446, 신입사원 팁 좀 알려주세요ㅠ...(51)
1447,이거 뭐야???(들어와줘)
1448,10대때 친구없었던거 아직도...(27)
1449,고 박원순 시장님 업적 총정리 !
1450,  알바 할때 경력자만 뽑음?(45)
1451, 고2 중간고사 평균 등급 6...(1)
1452,이거 본사람ㅋㅋㅋㅋㅋㅋㅋ
1453, 알바 신청 할때 여러곳에 신...(6)
1454,동아리 괜히 들어왔나봐(2)
1455, 스무살에 반수해도 괜찮아요?(3)
1456,블랙헤드 없애는 법 제발 알...(2)
1457,버블몬 하나에 몇일가냐
1458, 남자가 앞치마 풀 때
1459, 나처럼 사람한테 환멸난 사람...(1)
1460,난 외모보다 용돈에서 현타오더라(3)
1461, 신발 색 골라줘(1)
1462,제가 이상한건가요?(1)
1463, 한번만 읽어줘ㅠ넡ㅅ라두안미ㅣ므디투니...
1464, 성공한 사람들 출신지 보면 ...(184)
1465, 페미들의 사고방식(3)
1466,일베충 ㅅㄲ들아 박원순 시장...(1)
1467,주로 군대에서 무슨 주제로 ...(13)
1468,성인되면 해가 지날수록 새로...(3)
1469,전쟁영웅 백선엽 별세
